<?xml version="1.0" encoding="UTF-8"?>
<project-private xmlns="http://www.netbeans.org/ns/project-private/1">
    <editor-bookmarks xmlns="http://www.netbeans.org/ns/editor-bookmarks/2" lastBookmarkId="0"/>
    <open-files xmlns="http://www.netbeans.org/ns/projectui-open-files/2">
        <group>
            <file>file:/D:/Google%20Drive/School/UT%20Tyler/2016/1-Spring/COSC%204395%20-%20Senior%20Capstone/Project%20Group/FacebookScraper/src/facebookscraper/getConnect.java</file>
            <file>file:/D:/Google%20Drive/School/UT%20Tyler/2016/1-Spring/COSC%204395%20-%20Senior%20Capstone/Project%20Group/FacebookScraper/src/facebookscraper/FacebookScraper.java</file>
        </group>
    </open-files>
</project-private>
